Neighborhood,Zup Codes
Allston,02134
Back Bay,02116
Bay Village,02116
Beacon Hill,02108
Brighton,02135
Charlestown,02129
Chinatown,02111
Dorchester,02121
Dorchester,02122
Dorchester,02124
Dorchester,02125
Downtown,02108
Downtown, 02109
East Boston,02128
Fenway,02215
Hyde Park,02136
Jamaica Plain,02130
Leather District,02111
Longwood Medical Area,02115
Mattapan,02126
Mission Hill,02120
North End,02109
Roslindale,02131
Roxbury,02119
Roxbury,02120
Roxbury,02121
South Boston,02127
South Boston Waterfront,02210
South End,02118
West End,02114
West Roxbury,02132